{
    "nodes": {
        "0": {
            "key": 0,
            "position": [
                2.3604808973743454,
                5.366800081748135
            ],
            "weight": 0,
            "tag": 0,
            "info": "",
            "scc_key": null
        },
        "1": {
            "key": 1,
            "position": [
                1.031660342307158,
                2.219281756903176
            ],
            "weight": 0,
            "tag": 0,
            "info": "",
            "scc_key": null
        },
        "2": {
            "key": 2,
            "position": [
                3.96058242610681,
                7.651626025054385
            ],
            "weight": 0,
            "tag": 0,
            "info": "",
            "scc_key": null
        },
        "3": {
            "key": 3,
            "position": [
                1.5497227080241027,
                8.004523514958086
            ],
            "weight": 0,
            "tag": 0,
            "info": "",
            "scc_key": null
        },
        "4": {
            "key": 4,
            "position": [
                0.6651509567958991,
                9.179550430877189
            ],
            "weight": 0,
            "tag": 0,
            "info": "",
            "scc_key": null
        },
        "5": {
            "key": 5,
            "position": [
                4.015910144850748,
                4.015910144850748
            ],
            "weight": 0,
            "tag": 0,
            "info": "",
            "scc_key": null
        },
        "6": {
            "key": 6,
            "position": [
                9.179550430877189,
                0.6651509567958991
            ],
            "weight": 0,
            "tag": 0,
            "info": "",
            "scc_key": null
        },
        "7": {
            "key": 7,
            "position": [
                8.004523514958086,
                1.5497227080241027
            ],
            "weight": 0,
            "tag": 0,
            "info": "",
            "scc_key": null
        },
        "8": {
            "key": 8,
            "position": [
                7.651626025054385,
                3.96058242610681
            ],
            "weight": 0,
            "tag": 0,
            "info": "",
            "scc_key": null
        },
        "9": {
            "key": 9,
            "position": [
                2.219281756903176,
                1.031660342307158
            ],
            "weight": 0,
            "tag": 0,
            "info": "",
            "scc_key": null
        }
    },
    "childes": {
        "0": {
            "8": 5.474820988599499,
            "7": 6.813611138456426
        },
        "1": {
            "5": 3.4833346736081143,
            "2": 6.171624487984065
        },
        "2": {
            "3": 2.436551090918096
        },
        "3": {
            "6": 10.586815414841315
        },
        "4": {
            "2": 3.6324126360910096,
            "7": 10.586815414841315
        },
        "5": {},
        "6": {},
        "7": {
            "8": 2.436551090918096,
            "1": 7.004936127078349,
            "5": 4.6894687428066515
        },
        "8": {
            "0": 5.474820988599499,
            "3": 7.32029259118
        },
        "9": {
            "4": 8.294783628236473
        }
    },
    "parents": {
        "0": {
            "8": 5.474820988599499
        },
        "1": {
            "7": 7.004936127078349
        },
        "2": {
            "4": 3.6324126360910096,
            "1": 6.171624487984065
        },
        "3": {
            "2": 2.436551090918096,
            "8": 7.32029259118
        },
        "4": {
            "9": 8.294783628236473
        },
        "5": {
            "1": 3.4833346736081143,
            "7": 4.6894687428066515
        },
        "6": {
            "3": 10.586815414841315
        },
        "7": {
            "0": 6.813611138456426,
            "4": 10.586815414841315
        },
        "8": {
            "7": 2.436551090918096,
            "0": 5.474820988599499
        },
        "9": {}
    },
    "ec": 14,
    "mc": 24
}