{
    "nodes": {
        "0": {
            "key": 0,
            "position": [
                1.3436424411240122,
                8.357651039198696
            ],
            "weight": 0,
            "tag": 0,
            "info": ""
        },
        "1": {
            "key": 1,
            "position": [
                8.474337369372327,
                0.2834747652200631
            ],
            "weight": 0,
            "tag": 0,
            "info": ""
        },
        "2": {
            "key": 2,
            "position": [
                7.6377461897661405,
                0.9385958677423489
            ],
            "weight": 0,
            "tag": 0,
            "info": ""
        },
        "3": {
            "key": 3,
            "position": [
                2.550690257394217,
                7.887233511355132
            ],
            "weight": 0,
            "tag": 0,
            "info": ""
        },
        "4": {
            "key": 4,
            "position": [
                4.954350870919409,
                6.515929727227629
            ],
            "weight": 0,
            "tag": 0,
            "info": ""
        },
        "5": {
            "key": 5,
            "position": [
                4.494910647887381,
                4.494910647887381
            ],
            "weight": 0,
            "tag": 0,
            "info": ""
        },
        "6": {
            "key": 6,
            "position": [
                6.515929727227629,
                4.954350870919409
            ],
            "weight": 0,
            "tag": 0,
            "info": ""
        },
        "7": {
            "key": 7,
            "position": [
                7.887233511355132,
                2.550690257394217
            ],
            "weight": 0,
            "tag": 0,
            "info": ""
        },
        "8": {
            "key": 8,
            "position": [
                0.9385958677423489,
                7.6377461897661405
            ],
            "weight": 0,
            "tag": 0,
            "info": ""
        },
        "9": {
            "key": 9,
            "position": [
                0.2834747652200631,
                8.474337369372327
            ],
            "weight": 0,
            "tag": 0,
            "info": ""
        }
    },
    "childes": {
        "0": {
            "6": 6.191527098010551
        },
        "1": {
            "6": 5.064824191184116,
            "3": 9.638814355338116
        },
        "2": {
            "6": 4.169503618077818
        },
        "3": {
            "8": 1.6312854577849571,
            "7": 7.5470118459421744
        },
        "4": {
            "1": 7.157778971353024
        },
        "5": {},
        "6": {
            "4": 2.208405997306151
        },
        "7": {},
        "8": {},
        "9": {
            "8": 1.0625763317356949
        }
    },
    "parents": {
        "0": {},
        "1": {
            "4": 7.157778971353024
        },
        "2": {},
        "3": {
            "1": 9.638814355338116
        },
        "4": {
            "6": 2.208405997306151
        },
        "5": {},
        "6": {
            "1": 5.064824191184116,
            "2": 4.169503618077818,
            "0": 6.191527098010551
        },
        "7": {
            "3": 7.5470118459421744
        },
        "8": {
            "3": 1.6312854577849571,
            "9": 1.0625763317356949
        },
        "9": {}
    },
    "ec": 9,
    "mc": 19
}